{"cameraMode":{"drawMode":0,"name":"Shaded","section":"Shading Mode"},"sceneLighting":false,"audioPlay":false,"sceneViewState":{"m_AlwaysRefresh":false,"showFog":true,"showSkybox":true,"showFlares":true,"showImageEffects":true,"showParticleSystems":true,"showVisualEffectGraphs":true,"m_FxEnabled":true},"in2DMode":false,"pivot":{"x":753.266357421875,"y":365.9806213378906,"z":438.081298828125},"rotation":{"x":-0.08570663630962372,"y":-0.0038883101660758259,"z":0.00035844920785166323,"w":-0.9963317513465881},"size":671.187255859375,"orthographic":false}